threshold,trades,trade_reduction_%,win_rate_%,total_profit,profit_per_trade,profit_vs_baseline_%,score
2.0,30331,30.908883826879276,72.40117371665953,177745.0,5.860176057498928,81.82529635170906,59.242474955772344
2.5,25350,42.255125284738035,74.59960552268244,156915.0,6.189940828402367,72.23616066290712,53.88789089925982
3.0,21031,52.09339407744875,76.29214017402882,135520.0,6.443821026104322,62.38692599838876,47.596321032958386
3.5,17382,60.405466970387245,78.04625474628926,116580.0,6.70693821194339,53.66785590977098,41.88575154021132
4.0,14313,67.39635535307518,79.3753929993712,98850.0,6.9063089499056804,45.5058119461388,36.12041706980248
4.5,12004,72.65603644646926,80.4481839386871,84835.0,7.067227590803066,39.05397629186327,31.418214682649417
5.0,10202,76.76082004555809,81.68986473240541,74000.0,7.2534797098608115,34.066060536310275,27.828518771771204
5.5,8666,80.25968109339408,82.37941380106162,63755.0,7.356912070159243,29.349752560708943,24.1781541115741
6.0,7386,83.1753986332574,83.26563769293257,55320.0,7.489845653939886,25.46668201173898,21.20499517630581
